{
    "camera_matrix": [
        [
            756.3171905930856,
            0.0,
            406.2742636546708
        ],
        [
            0.0,
            759.0419549691417,
            220.55104769932612
        ],
        [
            0.0,
            0.0,
            1.0
        ]
    ],
    "distortion_coefficients": [
        [
            0.234314581164931,
            -1.4997017074218049,
            -0.006040181988037991,
            -0.00952110937539304,
            3.6197851806966024
        ]
    ],
    "image_width": 848,
    "image_height": 480,
    "reprojection_error": 1.3270221069935906,
    "frames_used": 60
}